{
  "english": {
    "language": "en",
    "sample_count": 30,
    "faithfulness": 0.9047619047619049,
    "answer_relevancy": 0.9259954395307939,
    "context_precision": 0.9999999998999997,
    "context_recall": 0.9074074074074074,
    "evaluation_time_seconds": 256.8537172,
    "errors": []
  },
  "hindi": {
    "language": "hi",
    "sample_count": 30,
    "faithfulness": 0.980392156862745,
    "answer_relevancy": 0.9137560843960735,
    "context_precision": 0.9999999998999997,
    "context_recall": 0.9310344827586207,
    "evaluation_time_seconds": 240.2984749000001,
    "errors": []
  },
  "faithfulness_ratio": 1.0835913312693495,
  "hallucination_rate": 0.05742296918767509,
  "overall_passed": true,
  "blocking_reasons": [],
  "timestamp": "2026-03-29T15:11:50.927354+00:00"
}